{"model_names": ["MA-Net-batch-256.pth", "MA-Net-batch-128.pth", "MA-Net-batch-64.pth"], "accuracies": [0.7089718584563945, 0.7064641961549178, 0.6935079409306213], "confusion_matrices": [[[671, 80, 0, 34, 9, 21, 16], [72, 492, 0, 23, 193, 137, 107], [1, 2, 68, 3, 6, 28, 3], [30, 17, 0, 1595, 27, 30, 75], [16, 115, 4, 41, 748, 123, 200], [20, 63, 9, 40, 117, 629, 80], [18, 47, 1, 74, 155, 52, 886]], [[675, 72, 0, 29, 10, 24, 21], [76, 489, 1, 29, 199, 129, 101], [1, 4, 59, 3, 7, 34, 3], [38, 16, 0, 1591, 23, 26, 80], [17, 131, 2, 38, 732, 123, 204], [17, 71, 11, 30, 106, 639, 84], [18, 52, 0, 73, 146, 58, 886]], [[662, 93, 0, 33, 7, 26, 10], [87, 483, 2, 22, 193, 131, 106], [0, 6, 67, 3, 5, 28, 2], [35, 25, 0, 1551, 35, 34, 94], [14, 138, 1, 35, 731, 128, 200], [13, 76, 16, 29, 117, 621, 86], [18, 59, 1, 63, 171, 58, 863]]], "classification_reports": [{"0": {"precision": 0.8103864734299517, "recall": 0.8074608904933814, "f1-score": 0.8089210367691381, "support": 831.0}, "1": {"precision": 0.6029411764705882, "recall": 0.48046875, "f1-score": 0.5347826086956522, "support": 1024.0}, "2": {"precision": 0.8292682926829268, "recall": 0.6126126126126126, "f1-score": 0.7046632124352331, "support": 111.0}, "3": {"precision": 0.8812154696132597, "recall": 0.8990980834272829, "f1-score": 0.8900669642857143, "support": 1774.0}, "4": {"precision": 0.5960159362549801, "recall": 0.5998396150761829, "f1-score": 0.5979216626698641, "support": 1247.0}, "5": {"precision": 0.6166666666666667, "recall": 0.6565762004175365, "f1-score": 0.6359959555106168, "support": 958.0}, "6": {"precision": 0.648134601316752, "recall": 0.7185725871857259, "f1-score": 0.6815384615384615, "support": 1233.0}, "accuracy": 0.7089718584563945, "macro avg": {"precision": 0.712089802347875, "recall": 0.6820898198875317, "f1-score": 0.69341284312924, "support": 7178.0}, "weighted avg": {"precision": 0.7076227988726779, "recall": 0.7089718584563945, "f1-score": 0.706639251307897, "support": 7178.0}}, {"0": {"precision": 0.8016627078384798, "recall": 0.8122743682310469, "f1-score": 0.8069336521219367, "support": 831.0}, "1": {"precision": 0.5856287425149701, "recall": 0.4775390625, "f1-score": 0.5260892953200645, "support": 1024.0}, "2": {"precision": 0.8082191780821918, "recall": 0.5315315315315315, "f1-score": 0.6413043478260869, "support": 111.0}, "3": {"precision": 0.8873396542108198, "recall": 0.8968432919954904, "f1-score": 0.8920661620409307, "support": 1774.0}, "4": {"precision": 0.598528209321341, "recall": 0.58700882117081, "f1-score": 0.5927125506072874, "support": 1247.0}, "5": {"precision": 0.6185866408518877, "recall": 0.6670146137787056, "f1-score": 0.6418884982420894, "support": 958.0}, "6": {"precision": 0.6424945612762871, "recall": 0.7185725871857259, "f1-score": 0.678407350689127, "support": 1233.0}, "accuracy": 0.7064641961549178, "macro avg": {"precision": 0.7060656705851397, "recall": 0.6701120394847587, "f1-score": 0.6827716938353604, "support": 7178.0}, "weighted avg": {"precision": 0.7050550140567995, "recall": 0.7064641961549178, "f1-score": 0.7040269507820124, "support": 7178.0}}, {"0": {"precision": 0.7985524728588661, "recall": 0.7966305655836342, "f1-score": 0.7975903614457831, "support": 831.0}, "1": {"precision": 0.5488636363636363, "recall": 0.4716796875, "f1-score": 0.5073529411764706, "support": 1024.0}, "2": {"precision": 0.7701149425287356, "recall": 0.6036036036036037, "f1-score": 0.6767676767676768, "support": 111.0}, "3": {"precision": 0.8934331797235023, "recall": 0.8742953776775648, "f1-score": 0.8837606837606837, "support": 1774.0}, "4": {"precision": 0.5806195393169182, "recall": 0.5862068965517241, "f1-score": 0.5833998403830806, "support": 1247.0}, "5": {"precision": 0.6052631578947368, "recall": 0.6482254697286013, "f1-score": 0.626008064516129, "support": 958.0}, "6": {"precision": 0.6340925789860397, "recall": 0.699918896999189, "f1-score": 0.6653816499614496, "support": 1233.0}, "accuracy": 0.6935079409306213, "macro avg": {"precision": 0.6901342153817763, "recall": 0.6686514996634738, "f1-score": 0.6771801740016105, "support": 7178.0}, "weighted avg": {"precision": 0.6940342029414049, "recall": 0.6935079409306213, "f1-score": 0.6927933363618608, "support": 7178.0}}]}